<?xml version="1.0" encoding="UTF-8" standalone="yes"?>
<addon id="repository.jewbackD" name="[COLOR purple]Jew[COLOR grey]BackD[/COLOR]" version="1.3" provider-name="JewBMX">
    <requires>
        <import addon="xbmc.addon" version="12.0.0"/>
    </requires>
    <extension point="xbmc.addon.repository" name="[COLOR purple]Jew[COLOR grey]BackD[/COLOR]">
        <info compressed="false">https://raw.githubusercontent.com/jewbmx/JewBackD/master/zips/addons.xml</info>
            <checksum>https://raw.githubusercontent.com/jewbmx/JewBackD/master/zips/addons.xml.md5</checksum>
            <datadir zip="true">https://raw.githubusercontent.com/jewbmx/JewBackD/master/zips/</datadir>
        <hashes>false</hashes>
        <dir>
            <info compressed="false">https://raw.githubusercontent.com/jewbmx/repo/master/zips/addons.xml</info>
            <checksum>https://raw.githubusercontent.com/jewbmx/repo/master/zips/addons.xml.md5</checksum>
            <datadir zip="true">https://raw.githubusercontent.com/jewbmx/repo/master/zips/</datadir>
        </dir>
        <dir>
            <info compressed="false">https://raw.githubusercontent.com/teamuniversal/scrapers/master/_modules4all/zips/addons.xml</info>
            <checksum>https://raw.githubusercontent.com/teamuniversal/scrapers/master/_modules4all/zips/addons.xml.md5</checksum>
            <datadir zip="true">https://raw.githubusercontent.com/teamuniversal/scrapers/master/_modules4all/zips/</datadir>
        </dir>
        <dir>
            <info compressed="false">https://raw.githubusercontent.com/jsergio123/zips/master/addons.xml</info>
            <checksum>https://raw.githubusercontent.com/jsergio123/zips/master/addons.xml.md5</checksum>
            <datadir zip="true">https://raw.githubusercontent.com/jsergio123/zips/master/</datadir>
        </dir>
        <dir>
            <info compressed="false">https://github.com/tvaddonsco/tva-resolvers-repo/raw/master/addons.xml</info>
            <checksum>https://github.com/tvaddonsco/tva-resolvers-repo/raw/master/addons.xml.md5</checksum>
            <datadir zip="true">https://github.com/tvaddonsco/tva-resolvers-repo/raw/master/zips/</datadir>
        </dir>
    </extension>
    <extension point="xbmc.addon.metadata">
        <summary>Free the People, Free the World!</summary>
        <description>JewBMX's Official [COLOR purple]Jew[COLOR grey]BackD[/COLOR] Repository. Loaded With Addons I Use Made by Others.</description>
        <platform>all</platform>
        <genre>movies,usa</genre>
    </extension>
</addon>