<?xml version="1.0" encoding="UTF-8" standalone="yes"?>
<addon id="repository.jewrepo" name="[COLOR purple]JewRepo[/COLOR]" version="1.5.6" provider-name="JewBMX">
    <extension point="xbmc.addon.repository" name="[COLOR purple]JewRepo[/COLOR]">
    <dir>
        <info compressed="false">https://raw.githubusercontent.com/jewbmx/repo/master/zips/addons.xml</info>
        <checksum>https://raw.githubusercontent.com/jewbmx/repo/master/zips/addons.xml.md5</checksum>
        <datadir zip="true">https://raw.githubusercontent.com/jewbmx/repo/master/zips/</datadir>
        <hashes>false</hashes>
    </dir>
    <dir>
        <info compressed="false">https://raw.githubusercontent.com/Gujal00/smrzips/master/addons.xml</info>
        <checksum>https://raw.githubusercontent.com/Gujal00/smrzips/master/addons.xml.md5</checksum>
        <datadir zip="true">https://raw.githubusercontent.com/Gujal00/smrzips/master/zips/</datadir>
    </dir>
    </extension>
    <extension point="xbmc.addon.metadata">
        <summary>Free the People, Free the World!</summary>
        <description>JewBMX's Official Repository</description>
        <platform>all</platform>
        <genre>movies,usa</genre>
    </extension>
</addon>