<?xml version="1.0" encoding="UTF-8" standalone="yes"?>
<addon id="lanik_p3.repo" name="Lanik (Python 3) Repository" provider-name="Dalibor Lanik" version="1.0.0">
    <extension name="Lanik (Python 3) Repository" point="xbmc.addon.repository">
    <dir>
        <info compressed="false">https://kodi.lanik.org/_p3repo/addons.xml</info>
        <checksum>https://kodi.lanik.org/_p3repo/addons.xml.md5</checksum>
        <datadir zip="true">https://kodi.lanik.org/_p3repo/</datadir>
    </dir>
    </extension>
    <extension point="xbmc.addon.metadata">
        <summary>Repository for my KODI plugins</summary>
        <description>KODI Repository for stuff made by D. Lanik</description>
        <platform>all</platform>
        <assets>
            <icon>icon.png</icon>
            <fanart>fanart.jpg</fanart>
        </assets>
    </extension>
</addon>
